Name,MAE,MRAE(%),StdAE,MSE,$R^2$
Neural Regressor,1.8699299447490199,19.53015058622645,1.2939378572825504,5.170913176778034,-0.4824356954781275
Random Forest Regressor,0.9903389052982238,11.091181837266367,0.8189453569546239,1.6514426450248207,0.5265521886899982
TPOT Regressor,0.8696751064736009,10.121001266308754,0.7482145475854773,1.3161598000384096,0.6226735584552928
Support Vector Regressor,1.1875642783605644,13.686707859593419,0.7327445242481555,1.9472234530537045,0.44175555550951373
Kernel Ridge Regressor,5.470536596266443,54.88604566185054,2.563921319884144,36.50046318564689,-9.464223180324913
K-NN Regressor,1.631781463585169,18.460882246261097,1.033223067904411,3.73026065294996,-0.06941875763928373
Gaussian Process Regressor,1.1111476481577554,12.605080528313126,0.7561415234952333,1.8063990995602042,0.48212812439133623
Gradient Boosting Regressor,1.093071978361042,11.850802508957146,0.8716962603256991,1.954660720143931,0.4396233846850509
Ensemble Model,0.8988006406380636,10.098613496950595,0.6887162908200625,1.2821727208523386,0.632417226091551
