strain,promoter,secretion,gene,Corrected activity,Predicted activity
ySB78,pPGK1,αMF,B.subtilis,-6.2412980540270695,0.001947326147019881
ySB78,pTDH3,αMF,B.subtilis,-6.3237648361638366,0.001793179754024039
ySB76,pRNR2,αMF,B.subtilis,-6.363736123777438,0.0017229176385348463
ySB85,pPGK1,αMF,B.subtilis,-6.388392179388594,0.0016809567066833435
ySB76,pPGK1,αMF,B.subtilis,-6.435489380577146,0.001603623728033416
ySB77,pRNR2,αMF,B.subtilis,-6.521910795875025,0.0014708559100861033
ySB77,pTDH3,αMF,B.subtilis,-6.566357786183277,0.0014069123672650634
ySB76,pHHF1,αMF,B.subtilis,-6.573550808842427,0.0013968287241415377
ySB76,pRNR1,αMF,B.subtilis,-6.666158091702916,0.0012732811956395053
ySB76,pTDH3,αMF,B.subtilis,-6.676021298331763,0.0012607842911966942
ySB85,pRNR1,αMF,B.subtilis,-6.689628315634819,0.001243744967619393
ySB77,pRNR1,αMF,B.subtilis,-6.707218827561047,0.0012220581571846592
ySB76,pPAB1,αMF,B.subtilis,-6.757460495497079,0.0011621767827605062
ySB77,pREV1,αMF,B.subtilis,-6.89230564730192,0.0010155695942359712
ySB78,pRNR1,αMF,B.subtilis,-6.892674075460494,0.0010151954987183559
ySB85,pPAB1,αMF,B.subtilis,-6.91431875968786,0.0009934580118859861
ySB76,pTEF1,αMF,B.subtilis,-6.930234132106535,0.000977771913795741
ySB78,pPAB1,αMF,B.subtilis,-6.93897671065608,0.0009692609242429352
ySB76,pREV1,αMF,B.subtilis,-6.942261070175612,0.0009660827448982026
ySB85,pTEF1,αMF,B.subtilis,-6.953989606104061,0.000954818196174645
ySB77,pPAB1,αMF,B.subtilis,-6.968984859267537,0.0009406072701002496
ySB78,pRPL18B,αMF,B.subtilis,-6.980545803609058,0.000929795578903312
ySB85,pTDH3,αMF,B.subtilis,-6.996441247015035,0.000915132909443479
ySB77,pTEF1,αMF,B.subtilis,-7.012752535884839,0.0009003269922674185
ySB78,pREV1,αMF,B.subtilis,-7.057183734646651,0.0008612000498009711
ySB78,pRAD27,αMF,B.subtilis,-7.06477000420919,0.0008546914731990194
ySB85,pRNR2,αMF,B.subtilis,-7.082414445693837,0.0008397431844302629
ySB78,pRNR1,αMF_no_EAEA,B.subtilis,-7.0962153267834855,0.0008282335925306653
ySB78,pTEF1,αMF,B.subtilis,-7.1340242351641665,0.0007975035793005658
ySB76,pRAD27,αMF,B.subtilis,-7.223167993528064,0.0007294877419303127
